z_star,x_transmissibility,y_fragmentation,Q_factor,omega_burst,omega_shear,p_occ,nu_t_resonant,nu_t_DNS,tau_turbulent
0.1,0.01,0.10020000000000001,14.97005988023952,0.027833333333333345,6.256554420257501,8.88015992858972e-11,8.976568831664195e-21,9.062693427321142e-12,6.73948696829932e-20
0.10425345396517414,0.010079511508158013,0.10020850690793036,15.08780814000982,0.02761611645642225,6.007695492649415,5.25247242036894e-10,5.814794226027792e-20,1.0267330238529965e-11,4.1920215674869207e-19
0.10868782663668683,0.010505525813739739,0.10021737565327338,15.724108337389794,0.026498587883415303,5.768982908841617,2.355638776279289e-09,2.95320203375008e-19,1.1632009416019166e-11,2.044436647087262e-18
0.11331081330842659,0.01094941315610269,0.10022662162661686,16.386983286077694,0.025426685277739,5.540002421847114,9.492642157139914e-09,1.3476404416896914e-18,1.3177978735303118e-11,8.959117572888005e-18
0.11813043659006493,0.011411911214849269,0.10023626087318013,17.077519325996796,0.024398547512248025,5.320356674235511,3.463662269487496e-08,5.568176370808094e-18,1.4929304235508514e-11,3.554962118129917e-17
0.12315506032928256,0.011893786994217519,0.10024631012065857,17.796845060783642,0.023412389400681775,5.109664508631254,1.1525244259191441e-07,2.0980006822101816e-17,1.691324354542802e-11,1.2864095549968228e-16
0.12839340412617103,0.012395837884208715,0.10025678680825235,18.54613280383187,0.022466498599674537,4.907560306330172,3.5204975705242525e-07,7.256455649272345e-17,1.9160668575285895e-11,4.2733792450817154e-16
0.13385455846499772,0.012918892750078884,0.10026770911693,19.32660005477908,0.02155923263717735,4.713693352887023,9.93261231035207e-07,2.3181171259607586e-16,2.1706544086053913e-11,1.3112271945425758e-15
0.1395480004895935,0.013463813049909833,0.10027909600097919,20.13951100503294,0.020689016062134784,4.527727229573502,2.6031707715788097e-06,6.878784793586851e-16,2.45904695042912e-11,3.737431345955919e-15
0.14548361044973934,0.014031493979833696,0.10029096722089949,20.98617807064537,0.019854337710470658,4.3493392296512186,6.371147196657929e-06,1.9061146377609923e-15,2.785729231856387e-11,9.948407004271566e-15
0.15167168884709228,0.014622865646326864,0.10030334337769418,21.867963450526542,0.01905374808263794,4.178219798447111,1.4633195983344162e-05,4.956525669097356e-15,3.155780248827112e-11,2.4851344418560667e-14
0.1581229743104055,0.015238894264812232,0.10031624594862082,22.786280707639076,0.01828585682818257,4.014071996260264,3.1684342473027256e-05,1.2149920823552753e-14,3.574951853339518e-11,5.852478832152305e-14
0.16484866223106273,0.015880583383612354,0.10032969732446213,23.74259637042739,0.01754933033295576,3.856610983168605,6.494851743123167e-05,2.8194969585683818e-14,4.049757737307243e-11,1.3048443524910357e-13
0.1718604241912664,0.016548975132077683,0.10034372084838254,24.73843155131182,0.01684288940478815,3.705563524842152,0.0001265365065944906,6.218335827405703e-14,4.5875741562717385e-11,2.765092611270446e-13
0.17917042821859494,0.01724515149147184,0.10035834085643719,25.775363578610364,0.016165307053609777,3.5606675185058605,0.0002351608312292949,1.3081597337685158e-13,5.1967539367446246e-11,5.589506247656193e-13
0.18679135990207826,0.017970235586928545,0.10037358271980416,26.855027637739592,0.015515406362163694,3.421671538230243,0.00041829577617431894,2.633888678666113e-13,5.88675551303396e-11,1.0814762311990442e-12
0.1947364444064359,0.018725392998498836,0.10038947288881288,27.979118416985248,0.01489205844361849,3.288334398761455,0.0007143854814383232,5.091485685208166e-13,6.668288967771068e-11,2.0091009023365862e-12
0.20301946942268054,0.019511833088981655,0.10040603893884537,29.14939175252067,0.014294180482535656,3.160424737134818,0.0011748321394112304,9.476863402946653e-13,7.553481308394221e-11,3.5941096234944304e-12
0.21165480909491508,0.020330810345872283,0.10042330961818983,30.36766626668177,0.013720733855792446,3.0377206113466673,0.0018654587627354672,1.703057580549996e-12,8.556063503368872e-11,6.2080957376962916e-12
0.2206574489648445,0.021183625734369264,0.10044131489792969,31.635824992777803,0.013170722330199646,2.920009115389057,0.0028671499883686676,2.962279042503792e-12,9.691582131251129e-11,1.0379858167724448e-11
0.2300430119772918,0.02207162805794846,0.10046008602395459,32.95581697892261,0.01264319033368683,2.8070860099803694,0.004275433700935214,4.998774833297834e-12,1.0977638867670899e-10,1.6838389081910763e-11
0.23982778559184595,0.022996215322539877,0.1004796555711837,34.32965886250744,0.012137221297055245,2.6987553683521415,0.006198868846599342,8.201222376518526e-12,1.243416145538451e-10,2.6559711498814894e-11
0.25002875004769165,0.023958836099825444,0.10050005750009539,35.75943640599813,0.011651936063421202,2.594829236478668,0.00875623455565821,1.310810898453661e-11,1.4083710276895805e-10,4.081596531362916e-11
0.26066360783067055,0.024960990884611328,0.10052132721566134,37.24730598372319,0.011186491362590012,2.495127307161077,0.012072651377348075,2.044816951757404e-11,1.5951825184653321e-10,6.122494337370928e-11
0.2717508143937101,0.026004233440612267,0.10054350162878743,38.795496008217576,0.010740078347713594,2.399476607401696,0.016274885587716014,3.118675734054079e-11,1.8067417848350007e-10,8.97982736392089e-11
0.2833096101839324,0.02709017212831561,0.10056661922036787,40.40630828349802,0.010311921191692582,2.3077111985277,0.021486174825447076,4.657812295041393e-11,2.0463215561094746e-10,1.2898662712688435e-10
0.2953600540320203,0.02822047120786337,0.10059072010806405,42.08211927135964,0.009901275740887956,2.2196718885452684,0.027820957414040597,6.822355028724757e-11,2.317626321609247e-10,1.817206760512295e-10
0.30792305796178576,0.029396852109100622,0.10061584611592357,43.825381255400856,0.009507428223806232,2.1352059562267725,0.035379886284519664,9.813533621236256e-11,2.6248491034029974e-10,2.514469852763441e-10
0.32102042348034676,0.030621094660080967,0.1006420408469607,45.638623385992815,0.009129694012518091,2.0541668864540266,0.044245466237871636,1.3880669363552393e-10,2.9727356601090147e-10,3.4215853642111457e-10
0.33467487941189045,0.03189503826439313,0.10066934975882379,47.524452587810856,0.008767416434661553,1.976414116360258,0.054478580362925313,1.932878074205294e-10,3.3666570882407e-10,4.5842010132750875e-10
0.3489101213406773,0.03322058301667063,0.10069782024268135,49.485554309828885,0.00841996563396902,1.9018127918323309,0.06611608036807441,2.6526846476225205e-10,3.8126919121526654e-10,6.053891514654899e-10
0.36375085273173613,0.03459969074456709,0.10072750170546348,51.524693095843546,0.008086737477341304,1.8302335339528435,0.07916951920825555,3.59167906566126e-10,4.31771889407588e-10,7.888333763003586e-10
0.37922282780060895,0.036034385964316226,0.10075844565560123,53.644712951632926,0.007767152506573036,1.7615522149791163,0.0936250138036964,4.802327917402763e-10,4.889521953991911e-10,1.015146165594826e-09
0.3953528962065395,0.03752675673574632,0.10079070579241309,55.84853748276526,0.007460654932911165,1.6956497434727695,0.10944414909479466,6.346444218482174e-10,5.536908767412633e-10,1.2913615813240248e-09
0.4121690496466673,0.0390789554012787,0.10082433809929334,58.13916977485112,0.0071667116727026515,1.632411858209587,0.12656577709140052,8.296366311896139e-10,6.269844809990796e-10,1.6251704097107753e-09
0.42970047043208404,0.040693199192004675,0.10085940094086418,60.51969198567403,0.006884811422458962,1.5717289305147761,0.1449085277417192,1.0736260017602562e-09,7.099604844074515e-10,2.024938857023403e-09
0.4479775821300495,0.042371770682401985,0.1008959551642601,62.99326461613865,0.006614463771733433,1.5134957746834676,0.1643738315649626,1.3763563111624209e-09,8.03894409696035e-10,2.4997313536838977e-09
0.4670321023602513,0.04411701807361894,0.10093406420472051,65.56312542434361,0.006355198352273155,1.4576114661604986,0.18484925442542616,1.7490593643634356e-09,9.102291667180581e-10,3.059338781389845e-09
0.4868970978367296,0.0459313552835153,0.10097379419567347,68.23258794431344,0.006106564021970269,1.403979167167115,0.20621195887645002,2.2046345992188486e-09,1.0305969017596501e-09,3.714313258222902e-09
0.5076070417509838,0.047817261819806216,0.10101521408350198,71.00503956801865,0.005868128082197948,1.352505959475319,0.22833213009675096,2.757850094313318e-09,1.1668436776714147e-09,4.476010425478e-09
0.5291978735958442,0.04977728241070522,0.10105839574719169,73.88393914627595,0.0056394755271744115,1.3031026840431261,0.25107623365584747,3.4255678502285772e-09,1.3210573477369864e-09,5.35663999200564e-09
0.5517070615339238,0.05181402636540448,0.10110341412306785,76.87281406095842,0.005420208324054058,1.2556837872360382,0.27431000376012665,4.226996466477147e-09,1.4955990320191532e-09,6.3693251179912495e-09
0.5751736674188842,0.05393016663456742,0.10115034733483777,79.97525671766975,0.005209944722498257,1.2101671733716224,0.29790109152032057,5.183974600636844e-09,1.6931386564073145e-09,7.52817106713957e-09
0.5996384145823503,0.056128438538741415,0.1011992768291647,83.19492040465707,0.00500831859252963,1.1664740633351791,0.3217213311695936,6.321288877877737e-09,1.916695072408131e-09,8.848343427472223e-09
0.6251437585041105,0.058411638130231314,0.10125028751700822,86.53551446027134,0.004814978789522992,1.124528859025138,0.3456486067872541,7.667030221658445e-09,2.1696813406225556e-09,1.0346156096727388e-08
0.6517339604882424,0.06078262015151408,0.10130346792097648,90.00079868775363,0.004629588545233237,1.0842590133970442,0.3695683223007546,9.25299290266437e-09,2.455955833674801e-09,1.2039169146735267e-08
0.679455164473016,0.06324429555072825,0.10135891032894603,93.59457695255081,0.004451824883806059,1.045594905884825,0.3933744931932738,1.111512095494686e-08,2.7798798960281547e-09,1.394629661854333e-08
0.7083554771078738,0.0657996285121511,0.10141671095421576,97.32068989378307,0.0042813780617607785,1.008469722987405,0.4169704896398656,1.3294006986633457e-08,3.1463828896682682e-09,1.608792425184344e-08
0.738485051236447,0.06845163295689458,0.1014769701024729,101.18300667792573,0.004117951030976503,0.9728193438177761,0.44026946817301593,1.5835448817409866e-08,3.561035557195999e-09,1.8486037113135173e-08
0.769896172930482,0.07120336846632411,0.10153979234586097,105.18541571927868,0.003961258923753047,0.9385822304202643,0.46319453301292796,1.8791069805064048e-08,4.030132748711137e-09,2.1164357051543875e-08
0.8026433522257174,0.07405793557795776,0.10160528670445144,109.33181428842894,0.003811028559056523,0.9056993226699878,0.48567866951507416,2.2219009176404863e-08,4.560786687377115e-09,2.4148489873761753e-08
0.8367834177171689,0.07701847040085485,0.10167356683543434,113.62609692671825,0.0036669979690967538,0.8741139375764388,0.5076644914055597,2.6184689150246452e-08,5.161032092274344e-09,2.746608208480438e-08
0.8723756151779796,0.08008813849479192,0.10174475123035596,118.07214258178455,0.0035289159454191827,0.8437716728206548,0.5291038411638864,3.0761666126939945e-08,5.8399446377655366e-09,3.1146986984014305e-08
0.9094817103729794,0.08327012795487765,0.10181896342074596,122.6738003766267,0.003396541603728249,0.814620314362676,0.5499572795716493,3.603257371360949e-08,6.6077744079753806e-09,3.522343983105223e-08
0.9481660962453726,0.08656764164072492,0.10189633219249075,127.43487392243621,0.0032696439666921365,0.7866097479628582,0.5701934964916044,4.209016584853883e-08,7.476096205166391e-09,3.973024169980084e-08
0.9884959046625583,0.08998388848692117,0.10197699180932512,132.3591040837499,0.0031480015640104504,0.7596918744671581,0.5897886707082126,4.903846877176382e-08,8.45797879401085e-09,4.470495151466455e-08
1.0305411229150117,0.09352207382937551,0.10206108224583003,137.45015010341504,0.00303140204905687,0.7338205287127201,0.6087258024036507,5.699405104922781e-08,9.568175412455338e-09,5.018808560930893e-08
1.0743747151703906,0.09718538868023575,0.10214874943034079,142.71156899455278,0.002919641831438141,0.7089514019159879,0.62699403774809,6.608742127960827e-08,1.0823338156708992e-08,5.6223323958228925e-08
1.120072749093634,0.10097699788252999,0.10224014549818727,148.14679310729315,0.002812525724839025,0.6850419674111392,0.6445880012760535,7.646456347783905e-08,1.2242259155746125e-08,6.285772200251135e-08
1.1677145278527923,0.10490002707457899,0.10233542905570558,153.75910577969637,0.0027098666095500073,0.6620514096118749,0.6615071482796276,8.828862041572899e-08,1.3846141792731193e-08,7.014192671870535e-08
1.2173827277396614,0.10895754839363399,0.10243476545547933,159.55161498513357,0.0026114851091008397,0.6399405560745419,0.6777551464136943,1.0174173538238368e-07,1.5658905610314907e-08,7.813039525990981e-08
1.2691635416440485,0.11315256484822195,0.1025383270832881,165.52722489266716,0.002517209280448252,0.6186718125451669,0.6933392930888044,1.1702706287550575e-07,1.7707528957450882e-08,8.688161412723161e-08
1.323146828630652,0.11748799328943271,0.10264629365726131,171.68860526283817,0.0024268743171906577,0.598209100877277,0.7082699730135789,1.3437095861447014e-07,2.002243390111227e-08,9.645831640413597e-08
1.3794262698781186,0.12196664591298362,0.10275885253975624,178.03815860895696,0.002340322265306245,0.5785177997113672,0.7225601584162087,1.540253589375651e-07,2.2637918441182965e-08,1.0692769410277647e-07
1.4380995312509033,0.1265912102264735,0.10287619906250181,184.5779850637227,0.002257401750933726,0.5595646878105331,0.736224952990496,1.7627035906342576e-07,2.5592641635219e-08,1.183616021274917e-07
1.4992684327860455,0.13136422741992898,0.1029985368655721,191.30984490300796,0.0021779677197371217,0.5413178899501467,0.7492811794379877,2.0141699880906822e-07,2.8930167866314466e-08,1.3083674975449922e-07
1.563039125388988,0.13628806908270283,0.10312607825077798,198.23511869318273,0.0021018811874174534,0.5237468252625034,0.7617470095745775,2.2981026310617602e-07,3.26995771767374e-08,1.4443487485752036e-07
1.6295222750450693,0.1413649122161604,0.10325904455009015,205.3547650456693,0.002029009000955022,0.5068221579401156,0.7736416352985044,2.618323029790361e-07,3.6956149347262645e-08,1.592428953771183e-07
1.6988332548663687,0.14659671249955203,0.10339766650973274,212.66927598277036,0.001959223610186285,0.49051575020379024,0.784984978240072,2.979058804708745e-07,4.176213023223614e-08,1.7535303173915e-07
1.7710923453071794,0.15198517577618445,0.10354218469061437,220.17862994245073,0.0018924028493390711,0.4748006174438005,0.7957974355977767,3.3849803825273806e-07,4.718758976841716e-08,1.9286289307909827e-07
1.8464249428955435,0.15753172773864008,0.1036928498857911,227.88224247691323,0.0018284297281692728,0.45965088544439187,0.806099659480436,3.8412399123713333e-07,5.331138206651623e-08,2.1187551923109858e-07
1.9249617778430985,0.16323748180553335,0.1038499235556862,235.77891473073998,0.001767192232360985,0.44504174960352283,0.8159123669936994,4.353512333583181e-07,6.022221907285998e-08,2.324993695030049e-07
2.0068391409108526,0.1691032051982842,0.10401367828182172,243.86677981924333,0.0017085831328707602,0.4309494360612095,0.8252561783089254,4.928038476793519e-07,6.801987045915998e-08,2.5484824829545307e-07
2.092199119924592,0.17512928324481108,0.1041843982398492,252.14324726669062,0.0016524998039148774,0.4173511646511147,0.8341514800132765,5.571670020466639e-07,7.68165036648055e-08,2.790411566512142e-07
2.181189846350362,0.18131568195802827,0.10436237969270074,260.604945707332,0.0015988440493166897,0.4042251135911534,0.8426183111456645,6.291916055394219e-07,8.673817938148399e-08,3.052020578637276e-07
2.2739657523579275,0.18766190896071058,0.10454793150471586,269.24766409976127,0.0015475219369490386,0.391550385829914,0.8506762694603981,7.096990928588105e-07,9.792651923622187e-08,3.3345954435840866e-07
2.370687838818298,0.19416697285475318,0.1047413756776366,278.0662917570547,0.0014984436410246608,0.37930697696669324,0.8583444356181138,7.995862944823204e-07,1.1054056399662765e-07,3.639463922209069e-07
2.471523954700416,0.20082934116218432,0.10494304790940084,287.05475755130124,0.0014515232920053653,0.3674757446639379,0.8656413131731014,8.998303397913543e-07,1.2475884228984056e-07,3.9679898902323855e-07
2.57664908835185,0.20764689699748887,0.1051532981767037,296.20596871134404,0.001406678833918816,0.3560383794719953,0.8725847824006088,1.0114935284023758e-06,1.407816715906251e-07,4.32156620038551e-07
2.686245671168975,0.2146168946658611,0.10537249134233796,305.51174969652084,0.0013638318888899077,0.34497737698733905,0.8791920661818906,1.1357280915499039e-06,1.5883371508741566e-07,4.701605975924668e-07
2.800503894183631,0.2217359144198262,0.10560100778836727,314.96278169646223,0.001322907628712205,0.3342760112669528,0.8854797063347136,1.2737807505689885e-06,1.791668199673099e-07,5.109532182345921e-07
2.9196220381156395,0.2289998166470915,0.10583924407623128,324.5485433770008,0.0012838346533038051,0.32391830942342337,0.8914635489398833,1.426996963327931e-06,2.0206316465686186e-07,5.546765326962508e-07
3.0438068174639676,0.23640369580527865,0.10608761363492794,334.25725356420764,0.0012465448759113585,0.3138890273275805,0.8971587373681661,1.596824731936703e-06,2.2783874459422803e-07,6.014709143042834e-07
3.17327373923363,0.2439418344640005,0.10634654747846727,344.07581663155514,0.0012109734149460545,0.304173626348336,0.9025797118554506,1.7848178263273322e-06,2.5684722816214246e-07,6.51473412726167e-07
3.3082474769208927,0.2516076578611644,0.10661649495384179,353.98977142809093,0.0011770584923562063,0.2947582510627698,0.9077402146064512,1.9926382585611156e-06,2.8948421644467786e-07,7.048158817130853e-07
3.448962260405758,0.25939368942785085,0.10689792452081152,363.9832446569398,0.0011447413384629338,0.28562970787357206,0.912653299528405,2.222057822234115e-06,3.2619194243826934e-07,7.616228719714991e-07
3.5956622824283464,0.26729150778398764,0.1071913245648567,374.0389096819045,0.0011139661032083916,0.27677544447569014,0.917331345806148,2.4749584904888676e-06,3.674644471922272e-07,8.220092835167273e-07
3.7486021223545647,0.2752917057545286,0.10749720424470914,384.13795180363223,0.0010846797737903877,0.2681835301194614,0.9217860746289953,2.753331445360362e-06,4.1385327200558854e-07,8.86077775926793e-07
3.908047187966457,0.28338385200206184,0.10781609437593292,394.2600411038258,0.0010568320986831638,0.2598426366235821,0.9260285684685281,3.0592744910663053e-06,4.659737071795777e-07,9.539159398967233e-07
4.074274176043893,0.29155645591568125,0.10814854835208779,404.3833140041211,0.0010303755180719955,0.2517420200978606,0.9300692923853464,3.3949875850969906e-06,5.245116388139381e-07,1.0255932394553686e-06
4.247571552536899,0.2997969364364383,0.1084951431050738,414.48436472326046,0.001005265100759261,0.24387150334264002,0.9339181169128907,3.7627662044017177e-06,5.902310356157342e-07,1.1011577411931915e-06
4.428240053161888,0.3080915955354924,0.10885648010632379,424.53824783958976,0.0009814584876321974,0.23622145889878363,0.9375843421283255,4.1649922505749494e-06,6.639821175116323e-07,1.1806326548795311e-06
4.616593205290532,0.31642559709087276,0.10923318641058107,434.5184931731813,0.0009589158418180384,0.2287827927288053,0.9410767225751396,4.604122188821229e-06,7.467102468428005e-07,1.2640127189078167e-06
4.812957872036921,0.32478295193115936,0.10962591574407385,444.3971341904843,0.0009375998056910707,0.22154692851561983,0.9444034927503446,5.082672111858185e-06,8.394655808683033e-07,1.3512604740410155e-06
5.017674819487236,0.3331465098279402,0.11003534963897448,454.1447511017948,0.0009174754649388703,0.21450579256986557,0.9475723929118353,5.603199423157027e-06,9.434135209670032e-07,1.442302479829574e-06
5.231099308056261,0.34149795922215886,0.11046219861611253,463.7305297656094,0.0008985103199422068,0.2076517993391102,0.9505906949993621,6.168280845471817e-06,1.0598459890305991e-06,1.5370255396694288e-06
5.4536017089969775,0.34981783546103157,0.11090720341799395,473.12233743188403,0.0008806742647754497,0.20097783751166326,0.9534652284963965,6.780486481997002e-06,1.190193554761465e-06,1.635273012514587e-06
5.6855681471331145,0.35808553830073875,0.11137113629426623,482.28681624644724,0.0008639395741926133,0.1944772567033195,0.9562024060905336,7.442349690268386e-06,1.3360384285640569e-06,1.7368413014282345e-06
5.927401170930026,0.3662793593943855,0.11185480234186006,491.1894952998062,0.0008482808990292979,0.18814385470624204,0.9588082490174727,8.156332574615889e-06,1.4991283230368158e-06,1.841476621025185e-06
6.179520451066728,0.3743765204337599,0.11235904090213346,499.794921834347,0.000833675270523792,0.18197186526452722,0.9612884119983474,8.924786963029403e-06,1.6813911712730213e-06,1.9488721569011947e-06
6.44236350872137,0.3823532225464071,0.11288472701744275,508.0668120240835,0.000820102114142649,0.17595594632007286,0.9636482077023998,9.749910809988619e-06,1.8849506717557694e-06,2.0586657397294264e-06
6.716386474834012,0.39018470746599937,0.11343277294966803,515.9682215109879,0.0008075432735885915,0.17009116864476848,0.9658926306866512,1.063370005915382e-05,2.112142607028416e-06,2.1704381640953e-06
7.00206488166426,0.3978453308937688,0.11400412976332852,523.4617356226812,0.0007959830457731988,0.16437300474068645,0.9680263807810546,1.1577896109480256e-05,2.365531855938582e-06,2.2837122865089276e-06
7.2998944880174745,0.40530864835214525,0.11459978897603496,530.5096789099277,0.0007854082276553718,0.15879731784938445,0.9700538859012102,1.258392915549386e-05,2.6479299864565747e-06,2.3979530374789137e-06
7.610392139571583,0.4125475136993761,0.11522078427914317,537.0743433318921,0.0007758081759812944,0.15336035086580097,0.97197932428047,1.365285781675066e-05,2.9624132771982383e-06,2.5125684781173294e-06
7.934096665797492,0.41953419032697464,0.11586819333159498,543.1182340864755,0.0007671748811149746,0.14805871490353553,0.9738066461185032,1.4785305631786237e-05,3.3123409701719526e-06,2.626912021557932e-06
8.2715698150296,0.42624047490195477,0.1165431396300592,548.604331737109,0.0007595030563235385,0.14288937720943867,0.9755395946434409,1.5981395166205593e-05,3.7013735042690904e-06,2.740285922684461e-06
8.623397229309125,0.43263783334510136,0.11724679445861826,553.4963689320294,0.0007527902440816812,0.13784964808022107,0.9771817265790118,1.724068067009629e-05,4.1334904180256745e-06,2.851946115643492e-06
8.990189460691893,0.4386975485575336,0.1179803789213838,557.7591196539464,0.0007470369411892028,0.1329371663968926,0.9787364319962903,1.8562080412780726e-05,4.613007540688261e-06,2.9611084470075985e-06
9.37258303078436,0.44439087922357523,0.11874516606156874,561.3586985846156,0.0007422467447591553,0.12814988336961447,0.9802069535118528,1.9943810018101305e-05,5.144593012252534e-06,3.066956313318517e-06
9.771241535346496,0.449689228831759,0.119542483070693,564.2628678281211,0.0007384265214374989,0.12348604408169755,0.9815964047708814,2.1383318314917246e-05,5.733281585751206e-06,3.16864966565861e-06
10.18685679587843,0.4545643238713406,0.12037371359175686,566.441347917095,0.0007355866025649853,0.11894416644259878,0.9829077881262501,2.2877227398209588e-05,6.384486568786e-06,3.2653352920773866e-06
10.620150060189333,0.458988399982768,0.12124030012037867,567.8661297362034,0.0007337410083961603,0.11452301721076588,0.9841440113947924,2.442127875812864e-05,7.104008656655148e-06,3.356158233031293e-06
11.071873254031901,0.4629343946710693,0.12214374650806381,568.5117837455233,0.0007329077049582751,0.11022158483159783,0.9853079035423312,2.6010287468691646e-05,7.898040797461217e-06,3.4402741280695703e-06
11.542810285974577,0.4663761450349101,0.12308562057194916,568.3557626810176,0.0007331088976756194,0.1060390489550833,0.986402229122776,2.7638106525334295e-05,8.773168111975847e-06,3.516862237038876e-06
12.033778407775893,0.46928858882482505,0.12406755681555179,567.3786937577544,0.0007343713665155093,0.10197474665060013,0.9874297012770816,2.9297603471591205e-05,9.73636177026592e-06,3.585138829782307e-06
12.545629632621706,0.47164796702517053,0.12509125926524342,565.5646563103444,0.0007367268481466558,0.09802813551842367,0.9883929930886067,3.098065145042488e-05,1.0794965606588518e-05,3.6443705985975585e-06
13.079252213686518,0.47343202605863693,0.12615850442737303,562.9014407798197,0.0007402124714575866,0.09419875410077488,0.9892947470954616,3.267813674629064e-05,1.195667413841532e-05,3.6938877214023933e-06
13.635572185584694,0.4746202176420306,0.1272711443711694,559.3807850008762,0.0007448712537846898,0.0904861802084748,0.9901375827800918,3.437998474208006e-05,1.3229500550537061e-05,3.7330961939237643e-06
14.21555497138663,0.47519389427923914,0.12843110994277326,554.9985838606132,0.0007507526663731303,0.08688998798838142,0.9909241018926856,3.6075205994286735e-05,1.4621733118386439e-05,3.761489058626352e-06
14.820207057988586,0.47513649836280514,0.12964041411597718,549.7550685904299,0.0007579132789716675,0.08340970474581698,0.9916568915175881,3.7751963825717166e-05,1.6141878484971975e-05,3.7786561875333986e-06
15.45057774274362,0.47443374286961076,0.13090115548548725,543.6549522156934,0.0007664174950830864,0.08004476868863052,0.9923385248586614,3.9397664445917065e-05,1.7798590183793006e-05,3.7842923249348567e-06
16.10776095438465,0.473073781678248,0.1322155219087693,536.7075380203952,0.0007763383913024772,0.07679448885986326,0.9929715597967438,4.0999070136190894e-05,1.960058082815124e-05,3.7782031618061564e-06
16.792897151399693,0.4710473676044397,0.13358579430279938,528.9267882818981,0.0007877586764325483,0.07365800856130536,0.9935585353549197,4.254243548297515e-05,2.1556516479299305e-05,3.760309292428517e-06
17.50717530115352,0.46834799634436786,0.13501435060230704,520.3313509879205,0.0008007717887372496,0.07063427353184243,0.9941019662892456,4.401366601836551e-05,2.367489187706759e-05,3.7306479896164653e-06
18.251834943190424,0.4649720346313328,0.13650366988638085,510.944542756638,0.000815483152865622,0.06772200602903798,0.9946043360975556,4.539849794173252e-05,2.596388548299005e-05,3.6893728215831337e-06
19.0281683402986,0.4609188310457036,0.1380563366805972,500.7942867324565,0.0008320116217485245,0.06491968577263388,0.9950680888010507,4.668269686764189e-05,2.8431193663557477e-05,3.636751213999718e-06
19.837522721069043,0.4561908080681341,0.1396750454421381,489.9130048149325,0.0008504911332657214,0.06222553845348883,0.9954956198976335,4.785227279292774e-05,3.108384384513925e-05,3.573160128915795e-06
20.681302617840675,0.4507935341278298,0.14136260523568137,478.3374641860854,0.0008710726168514637,0.05963753220546641,0.99588926690897,4.889370772394629e-05,3.392798711503763e-05,3.49908008283781e-06
21.560972304088885,0.44473577456754,0.1431219446081778,466.1085787211926,0.0008939261916393518,0.05715338209995214,0.9962512999435341,4.979419168157022e-05,3.69686715336943e-05,3.415087756242049e-06
22.47805833548725,0.43802952062133893,0.14495611667097452,453.2711664892252,0.0009192437054708869,0.054770562374902736,0.9965839126758499,5.0541862137140164e-05,4.020959836372756e-05,3.321847455271164e-06
23.434152199052193,0.43068999567684113,0.1468683043981044,439.8736651606635,0.0009472416733892889,0.05248632577544425,0.9968892141000856,5.112604136014014e-05,4.365286450623313e-05,3.220101674924582e-06
24.430913074967723,0.42273563826745564,0.14886182614993546,425.967807732324,0.0009781646854602165,0.05029772908286534,0.9971692213578333,5.153746571132345e-05,4.729869564665778e-05,3.11066098555873e-06
25.47007071588319,0.41418806141033604,0.15094014143176637,411.60826154145303,0.0010122893673374538,0.048201663662396324,0.9974258538701338,5.176850062606424e-05,5.1145175921179255e-05,2.9943934265809225e-06
26.55342844868058,0.40507198807025585,0.15310685689736117,396.8522340659819,0.0010499289934635732,0.04619488968211515,0.9976609289278263,5.181333493186226e-05,5.518798127398959e-05,2.8722135494878322e-06
27.682866303920637,0.3954151626878844,0.15536573260784128,381.75904948675395,0.0010914388728357413,0.044274072555013616,0.9978761588173375,5.16681482565287e-05,5.942012502328917e-05,2.7450712136313024e-06
28.860344278398607,0.38524823886281,0.15772068855679722,366.3897004140429,0.0011372226517170317,0.04243582013718066,0.9980731494857887,5.133124562821168e-05,6.383172540890423e-05,2.6139402082754782e-06
30.087905736471065,0.3746046434278807,0.16017581147294213,350.80637954922537,0.0011877397075904653,0.0406767192748471,0.9982534006836563,5.080315395489921e-05,6.840980596080062e-05,2.4798067580403278e-06
31.36768095605685,0.3635204172934599,0.1627353619121137,335.0719963585248,0.001243513845367239,0.03899337042397128,0.9984183074680392,5.008667589862883e-05,7.31381402959276e-05,2.343657967944754e-06
32.701890825465426,0.352034033580172,0.16540378165093086,319.2496840759422,0.0013051435520529796,0.037382419255943926,0.9985691629066146,4.918689771568061e-05,7.799715330377962e-05,2.2064702787681635e-06
34.09285069746811,0.3401861936992949,0.16818570139493622,303.40230252433696,0.00137331412187699,0.035840584396367524,0.9987071617922922,4.811114889315298e-05,8.296389050229773e-05,2.069198030773504e-06
35.54297440730047,0.3280196021842294,0.17108594881460093,287.59194234562,0.001448812033008659,0.03436468070328465,0.998833405161165,4.686891283632278e-05,8.80120665295857e-05,1.9327622694363738e-06
37.054778461568624,0.31557872122772634,0.17410955692313726,271.8794362624009,0.0015325420428800888,0.03295163775869949,0.998948905400557,4.547168939984432e-05,9.311220220093956e-05,1.7980399648557185e-06
38.63088640532871,0.30290950604113026,0.17726177281065741,256.3238829541808,0.0016255475762324808,0.03159851350555647,0.9990545917381277,4.3932811648522635e-05,9.823185725896045e-05,1.6658538506554933e-06
40.27403337491808,0.2900591223269153,0.18054806674983617,240.9821890218427,0.0017290351139971592,0.03030250319629878,0.9991513159150034,4.226722081165927e-05,0.00010333596288065616,1.5369631124927655e-06
41.9870708444391,0.27707564734698154,0.1839741416888782,225.90863433586406,0.0018444034593525004,0.029060944016489117,0.9992398578633659,4.0491204885931526e-05,0.00010838725424349494,1.412055166020296e-06
43.77297157413238,0.26400775627859435,0.18754594314826478,211.15446581791633,0.0019732789692734633,0.027871315899147955,0.9993209312292544,3.862210767214069e-05,0.00011334679912379442,1.2917387563453667e-06
45.63483476922686,0.2509043957786438,0.19126966953845373,196.76752439429572,0.0021175581079717334,0.026731239147888008,0.9993951886018584,3.667801613174919e-05,0.00011817461380548003,1.1765385848254582e-06
47.57589145821916,0.23781444692510825,0.1951517829164383,182.79190948534986,0.00227945901894559,0.025638469539074796,0.9994632263285685,3.4677434759374904e-05,0.00012283035277708246,1.0668916257257845e-06
49.59951009991573,0.2247863799708957,0.1991990201998315,169.2676849605452,0.0024615842460643804,0.024590891578326182,0.9995255888077138,3.263895613981319e-05,0.00012727405409948875,9.63145237996668e-07
51.70920242896755,0.2118679036267681,0.2034184048579351,156.23062999736973,0.002666997289031489,0.02358651055101024,0.9995827721552717,3.0580936961989923e-05,0.00013146691827136412,8.655571107765053e-07
53.9086295500424,0.1991056118822335,0.2078172591000848,143.71203773769162,0.002899316391485463,0.02262344393862455,0.9996352271345418,2.8521188486369897e-05,0.00013537209523502384,7.742970105412e-07
56.20160829120972,0.18654463166980143,0.21240321658241945,131.73856404200166,0.0031628298797444204,0.021699912682976087,0.9996833612147352,2.647668981675379e-05,0.0001389554521489956,6.894502285893592e-07
58.592117827563825,0.17422827497055357,0.21718423565512768,120.33212800528605,0.003462638561900634,0.02081423267815644,0.9997275395802513,2.446333134326046e-05,0.0001421862939330529,6.110225647937525e-07
61.08430658657985,0.1621976992375274,0.22216861317315972,109.50986522415032,0.0038048322478875522,0.019964806766012637,0.9997680848395049,2.24956944514633e-05,0.00014503800949994586,5.38946631348873e-07
63.68249944718586,0.15049158026609755,0.22736499889437173,99.28413410017363,0.0041967094787397465,0.01915011741231123,0.9998052750694364,2.058687210059956e-05,0.00014748861904296357,4.7308922145445905e-07
66.39120524504419,0.13914580185395659,0.23278241049008838,89.66257473728751,0.004647052216462726,0.018368720154277908,0.9998393396626138,1.87483332412084e-05,0.00014952120164388018,4.132594640002838e-07
69.21512459706643,0.12819316675279516,0.2384302491941329,80.6482192503301,0.0051664707607906825,0.01761923783962708,0.9998704521928221,1.6989832356030406e-05,0.0001511241875773017,3.5921747656354967e-07
72.15915805874059,0.11766313350384186,0.24431831611748117,72.2396515580497,0.005767838820925727,0.01690035562430882,0.9998987191434456,1.531936375493716e-05,0.0001522915056899979,3.106832344759018e-07
75.22841462842636,0.10758158375424356,0.25045682925685275,64.43121399811064,0.006466844884823759,0.016210816660757528,0.9999241627910175,1.374315871732326e-05,0.00015302258273127561,2.6734539156746277e-07
78.42822061337682,0.09797062455539067,0.25685644122675366,57.21325738658539,0.00728269435615741,0.015549418388645854,0.9999466957113876,1.2265722225343289e-05,0.00015332219807208242,2.2886981606493008e-07
81.76412887287194,0.08884842993340432,0.26352825774574384,50.57243046348752,0.008239008148273462,0.014915009333234799,0.9999660831334558,1.0889904924869496e-05,0.00015320020345073855,1.949076403109618e-07
85.24192845450521,0.08022912568379705,0.27048385690901044,44.49200403341581,0.00936497862298422,0.014306486319090367,0.9999818874780457,9.617005125820114e-06,0.00015267112283932425,1.6510266271580087e-07
88.86765464034427,0.07212272086747687,0.27773530928068857,38.95222454120188,0.010696864468573184,0.013722792015934153,0.999993386527084,8.446895127179312e-06,0.00015175365192853077,1.3909798201282724e-07
92.64759942040126,0.0645350888683991,0.28529519884080257,33.930691331618036,0.01227993448746502,0.013162912745791025,0.9999994521950465,7.378165922214737e-06,0.0001504700798682642,1.1654178510969762e-07
96.58832241158699,0.057468000113906945,0.29317664482317396,29.402751444560714,0.014171009385033146,0.012625876494061765,0.999998369891817,6.408284385490552e-06,0.00014884565767149389,9.709224862803383e-08
100.69666224109783,0.05091920766257548,0.3013933244821957,25.341905506727695,0.01644180492094611,0.012110751080021772,0.9999875674609715,5.5337573295772106e-06,0.00014690793809103158,8.042154906690672e-08
104.97974841398981,0.04488258584333431,0.30995949682797963,21.720218110421268,0.01918335555142293,0.01161664245352145,0.999963205162143,4.750297299276815e-06,0.0001446861109099288,6.62190063283528e-08
109.4450136855345,0.03934832100313186,0.31889002737106903,18.508726030500053,0.02251190416779915,0.011142693093877751,0.9999195500077921,4.052985591911773e-06,0.00014221035562001841,5.4193409477497614e-08
114.10020695982728,0.03430315221525689,0.3282004139196546,15.677837729809129,0.026576794188552907,0.010688080494045415,0.999848012028713,3.4364286995316164e-06,0.00013951123062809031,4.407459186317006e-08
118.95340673703195,0.029730658550858043,0.3379068134740639,13.197717846464803,0.03157111490895199,0.010252015718345676,0.9997356449749082,2.8949051114643414e-06,0.00013661911468330952,3.5614335247022e-08
124.01303513259798,0.02561158826319862,0.34802607026519594,11.038650744044512,0.03774615904860144,0.009833742025644299,0.9995627894384842,2.422500148647883e-06,0.00013356371242712118,2.8586689822665894e-08
129.28787249277826,0.02192422402445905,0.35857574498555655,9.17137773443467,0.0454311967876166,0.009432533552279247,0.9992993276444972,2.013227188807382e-06,0.0001303736320785225,2.278779960814375e-08
134.7870726318115,0.01864477723923775,0.369574145263623,7.567403244322519,0.05506071940586394,0.009047694050580443,0.998898665600955,1.6611342583890882e-06,0.00012707603950417164,1.8035321456210773e-08
140.52017871721145,0.015747803489996468,0.3810403574344229,6.199265976455001,0.06721225839465177,0.008678555679779938,0.9982879536045635,1.3603954986233024e-06,0.00012369638946518966,1.4167521697589187e-08
146.49713983072849,0.013206630399495446,0.39299427966145695,5.0407719970652884,0.08265929641516179,0.008324477846690935,0.997352012954801,1.1053874551595452e-06,0.00012025823181591153,1.1042128058982843e-08
152.7283282337253,0.010993788671913614,0.40545665646745066,4.067187637649319,0.10244589229413678,0.007984846093885431,0.9959066255746115,8.907504999736118e-07,0.00011678308794275765,8.535006780408946e-09
159.2245573669269,0.01,0.4184491147338538,3.584665248853603,0.1162358652038483,0.007659071033319625,0.9947298334594339,7.842442765622698e-07,0.00011329039081819567,7.207899145997743e-09
165.99710061578145,0.01,0.43199420123156296,3.472268830747455,0.11999838923098971,0.007346587323502144,0.9943638866870881,7.594435795227854e-07,0.00010979748071075338,6.6951822890846255e-09
173.0577108739975,0.01,0.446115421747995,3.3623585441691617,0.12392095048555417,0.0070468526884068594,0.9939735586201895,7.351628297227425e-07,0.00010631964781027314,6.216700995658203e-09
180.41864093920717,0.01,0.46083728187841433,3.2549449859739314,0.12801035607733732,0.006759346976418444,0.9935570593787422,7.114110699175118e-07,0.00010287021274627208,5.770409117325052e-09
188.0926647761492,0.01,0.4761853295522984,3.1500340453795066,0.13227370265341623,0.0064835712576740015,0.9931124655474101,6.881945149626515e-07,9.946063612723619e-05,5.354349812280898e-09
196.09309968427203,0.01,0.49218619936854413,3.047627101134575,0.13671838871348452,0.006219046958232995,0.9926377104634433,6.655169937940889e-07,9.61006487303694e-05,4.966657723088995e-09
204.4338294082256,0.01,0.5088676588164512,2.9477212277329077,0.14135212744901426,0.0059653150295725125,0.9921305738054974,6.433803250815306e-07,9.279839474091654e-05,4.605559587528123e-09
213.12932823134713,0.01,0.5262586564626943,2.850309408841682,0.14618296012852622,0.0057219351519665,0.9915886704408186,6.217846317940497e-07,8.956058139469813e-05,4.269373609937904e-09
222.19468609395238,0.01,0.5443893721879047,2.7553807561883317,0.15121927005219576,0.005488484970366461,0.9910094384864793,6.007286013490258e-07,8.639262943891648e-05,3.956507879728072e-09
231.64563478002162,0.01,0.5632912695600433,2.6629207322378172,0.15646979710001202,0.005264559361457601,0.9903901265386744,5.802096987483457e-07,8.329881992464813e-05,3.665458081384917e-09
241.4985752177253,0.01,0.5829971504354506,2.572911375089268,0.1619436528987363,0.005049769730618447,0.9897277800225822,5.602243402440568e-07,8.028243391999835e-05,3.394804698864153e-09
251.7706059411627,0.01,0.6035412118823253,2.4853315241254155,0.1676503366339793,0.004843743337563973,0.9890192266140122,5.407680347474492e-07,7.734588273754318e-05,3.1432098785706243e-09
262.47955276271006,0.01,0.6249591055254201,2.400157045058027,0.17359975153483892,0.004646122649501881,0.9882610606830633,5.218354995367495e-07,7.449082716752564e-05,2.909414080454184e-09
273.6439997074669,0.01,0.6472879994149338,2.3173610531259805,0.17980222205970386,0.004456564720679583,0.9874496267093898,5.034207559596755e-07,7.171828497560773e-05,2.692232616801283e-09
285.2833212634853,0.01,0.6705666425269705,2.2369141333177325,0.1862685118130474,0.004274740597245151,0.9865810016184998,4.855172098825306e-07,6.90287265486342e-05,2.490552153295258e-09
297.4177160037475,0.01,0.694835432007495,2.158784556605369,0.19300984222430417,0.004100334746389436,0.9856509759889122,4.681177206991111e-07,6.642215905202767e-05,2.303327226699829e-09
310.06824163823933,0.01,0.7201364832764786,2.082938491291674,0.20003791202124407,0.003933044508778723,0.9846550340810938,4.5121466184659836e-07,6.389819980503697e-05,2.129576817667455e-09
323.25685155694674,0.01,0.7465137031138934,2.00934020868355,0.20736491753163705,0.0037725795733276673,0.9835883326410404,4.347999750226577e-07,6.14561397988125e-05,1.96838100510463e-09
337.0064329271928,0.01,0.7740128658543856,1.9379522824136026,0.2150035738484405,0.0036186614734010606,0.9824456784343296,4.1886521967693514e-07,5.9094998395574405e-05,1.8188777195911166e-09
351.34084641142647,0.01,0.802681692822853,1.8687357808359049,0.22296713689523695,0.0034710231035701457,0.9812215044706567,4.0340161886228517e-07,5.681357027587857e-05,1.6802596069063082e-09
366.28496757438967,0.01,0.8325699351487793,1.8016504520211287,0.2312694264302165,0.003329408256084868,0.9799098448845109,3.8840010216552745e-07,5.461046566662461e-05,1.551771008176936e-09
381.8647300515194,0.01,0.8637294601030389,1.7366549009698675,0.2399248500286219,0.003193571176257677,0.9785043084450133,3.738513461764534e-07,5.24841448052896e-05,1.4327050600251027e-09
398.1071705534973,0.01,0.8962143411069946,1.6737067587506083,0.24894842808527634,0.0030632761359872924,0.9769980506773432,3.597458127765365e-07,5.043294749377045e-05,1.3224009159596597e-09
